made,english,Healthy,for chotto crazy,
made,english,Happily,for プレイタイムズ,
collaborations,english,Home,from Laurel Schwulst,
gift,english,Honestly,from Anna,
gift,english,Heartful,from Qr07497998,
collaborations,español,Heroico,from Ana Martínez Fernández,
collaborations,español,Hacerlo,from Ana Martínez Fernández,
gift,english,Happen,from someone in instagram,
gift,english,Holding,forgotten it is where from,
collaborations,dansk,Have,from Chris Shields,
gift,english,Holiness,from Marcel Sletten,
gift,english,Hydro,from Angelina Nonaj,
