made,english,Unity,for chotto crazy,
made,english,Usefully,for New Life Collection,
collaborations,english,Universe,from Laurel Schwulst,
gift,english,Us,from someone in instagram,
gift,english,Understand,from Qr07497998,
collaborations,español,Ufano,from Ana Martínez Fernández,
collaborations,español,Una,from Ana Martínez Fernández,
gift,english,Urbanity,from UR,
gift,english,Usage,forgotten it is where from,
collaborations,dansk,Underjordisk,from Chris Shields,
gift,english,Utopia,from Angelina Nonaj,
gift,english,Unfold,from Angelina Nonaj,
