made,english,Powerful,none,
made,english,Energetic,none,
made,english,Healthy,none,
made,english,Unity,none,
made,english,Peacefully,none,
made,english,Emotionally,none,
made,english,Happily,none,
made,english,Usefully,none,
collaborations,english,People,none,
collaborations,english,Exercise,none,
collaborations,english,Home,none,
collaborations,english,Universe,none,
other,english,Possible,none,
other,english,Everything,none,
other,english,Happen,none,
other,english,Understand,none,
free,english,Practical,none,
free,english,Elementary,none,
free,english,Holding,none,
free,english,Usage,none,
other,english,Pensive,none,
other,englishe,Ease,none,
other,english,Holiness,none,
other,english,Utopia,none,
gift,español,Pasible,none,
gift,español,Elástica,none,
gift,español,Heroico,none,
gift,español,Ufano,none,
gift,español,Prender,none,
gift,español,Elusivo,none,
gift,español,Hacerlo,none,
gift,español,Una,none,
gift,dansk,Porre,none,
gift,dansk,Elskede,none,
gift,dansk,Have,none,
gift,dansk,Underjordisk,none,
other,french,Petit,none,
other,english,Egg,none,
other,english,Heartful,none,
other,english,Us,none,
gift,english,Possibly,none,
gift,english,Emergent,none,
gift,english,Hydro,none,
gift,english,Unfold,none,
free,english,Poetic,none,
free,english,Earth,none,
free,english,Honestly,none,
free,english,Urbanity,none,
